run,task,budget,kind,seed,status,rc,aborted,job_id,backend_id,configuration_id,edit_id,input_pixel_sha256,pixel_sha256,rgba_sha256,width,height,output_path,wall_s,denoise_s,text_encode_s,vae_encode_s,vae_decode_s,peak_footprint_gb,mlx_peak_gb,memory_policy,samples,swap_start_mb,swap_growth_gb,warn_samples,critical_samples,min_free_pct
G2-1024-R01,R01,1024,primary,2510701,completed,0,0,20261007T050051Z-9dc070,mflux-qwen-image-2.1-edit-q4,fffe8df31c8b964b382deee2e6a7ad1c77e7fd6982169dbaee838dc810a0274b,11531bc98f7b46f7889b8ec6f14e8ba83808ae31e8cf9f664e9cbe91d53164e4,e91528e840f503a66aa0f5ce6cb438dc58a47cc5eb05d840f10ee6c95ec792e8,1fbd012e48c5afdb17fb3e05746168d6f898a77b124f477d302d040c6ac945f9,a63aca72c9a2632117dcdb72ee54e5260c3f7375aa7c334cf678aa93b31d3672,1216,864,/Users/nckandrw/Dev/photo-gen/data/outputs/2026/10/07/20261007T050051Z-9dc070.png,522.858,504.108,3.575,1.351,9.766,10.959,7.195,"{""defer_transformer_load"": true, ""release_text_encoder_after_encode"": true, ""release_vae_during_denoise"": true, ""text_encoder_released_after_encode"": true, ""vae_reloaded_lazily"": true}",368,1433.38,1.188,5,0,30.0
G2-1024-R02,R02,1024,primary,2510702,completed,0,0,20261007T050955Z-7835e9,mflux-qwen-image-2.1-edit-q4,fffe8df31c8b964b382deee2e6a7ad1c77e7fd6982169dbaee838dc810a0274b,b457b6e1dc4d9d7720da3a80fe4338e50bf03f92b8b1c35e283ad61a27787ee7,73670d26a44b0281bab6f60d37d4adb69f77a1a836ea9dea0cb306a7a21239e9,13d1e1bb674e5c546cacb1bb97ef707a096075b337535988387a93fccdc7d7c8,fd3cb2d05f72d0b47d54afce6abfa97a5e3f879ce5f49a4c723a654341cf8487,1184,896,/Users/nckandrw/Dev/photo-gen/data/outputs/2026/10/07/20261007T050955Z-7835e9.png,589.713,570.175,4.241,1.397,9.76,10.882,7.205,"{""defer_transformer_load"": true, ""release_text_encoder_after_encode"": true, ""release_vae_during_denoise"": true, ""text_encoder_released_after_encode"": true, ""vae_reloaded_lazily"": true}",415,2385.44,0.213,4,0,29.0
G2-1024-R03,R03,1024,primary,2510703,completed,0,0,20261007T052005Z-cf5913,mflux-qwen-image-2.1-edit-q4,fffe8df31c8b964b382deee2e6a7ad1c77e7fd6982169dbaee838dc810a0274b,b10b77fbefd44fba531c37ddc4dc91398df4a5d544d38405a85c33cd2f3d4b63,aa3f4468998751d8a16edfb3cc1815e60a2d79fd33b83d6e1030ee334e8ebe14,8b7a7a82639999ea740b7b6dc54b64937a5b13163586b07d4dab0b24884663b9,1c6532d2b474b702252ded80c70ea4f6d81da10b2e1749d7c16763bdc74510a5,1312,800,/Users/nckandrw/Dev/photo-gen/data/outputs/2026/10/07/20261007T052005Z-cf5913.png,582.848,561.969,4.664,1.389,10.502,10.785,7.194,"{""defer_transformer_load"": true, ""release_text_encoder_after_encode"": true, ""release_vae_during_denoise"": true, ""text_encoder_released_after_encode"": true, ""vae_reloaded_lazily"": true}",412,2043.62,0.099,6,0,30.0
G2-1024-R04,R04,1024,primary,2510704,completed,0,0,20261007T053010Z-7e1abc,mflux-qwen-image-2.1-edit-q4,fffe8df31c8b964b382deee2e6a7ad1c77e7fd6982169dbaee838dc810a0274b,794435fd902de138580562051b7e87b40a6fa4d056dfedb390fa38061cfc641b,195e3906a155861f134e646ff75b1862cf7e6d5b40ab33d959ebad99303821b3,fe8ec2a980ca4ed9ff9ebcce5d0fe338b199f6a626b5ffb353b8884b7aedd32c,25bac251bd44455cde23c09ea472c731c38034a9cd85798a280cacf083de0fc5,1184,896,/Users/nckandrw/Dev/photo-gen/data/outputs/2026/10/07/20261007T053010Z-7e1abc.png,574.849,555.241,4.472,1.403,9.495,11.032,7.205,"{""defer_transformer_load"": true, ""release_text_encoder_after_encode"": true, ""release_vae_during_denoise"": true, ""text_encoder_released_after_encode"": true, ""vae_reloaded_lazily"": true}",408,1785.5,0.559,4,0,29.0
G2-1024-R05,R05,1024,primary,2510705,completed,0,0,20261007T054006Z-b40954,mflux-qwen-image-2.1-edit-q4,fffe8df31c8b964b382deee2e6a7ad1c77e7fd6982169dbaee838dc810a0274b,6d4eddcdbe09bb84bd3a3ad6d06fa3881189a5c0e58203e2cfaf3c65c29e8d10,f7f23ad5e283afc8d2cbe003b267b1114ef35bc2f10173d00854c249dc495435,04650dff2b9eab7006aeb3c6e92197e2c670c393808bb9a98041285741dbd63e,a446a978263bd81cf406e06b2bd1cdab6fab4a767f890087cd6ce50906378826,1248,832,/Users/nckandrw/Dev/photo-gen/data/outputs/2026/10/07/20261007T054006Z-b40954.png,556.843,537.407,4.289,1.396,9.803,10.927,7.232,"{""defer_transformer_load"": true, ""release_text_encoder_after_encode"": true, ""release_vae_during_denoise"": true, ""text_encoder_released_after_encode"": true, ""vae_reloaded_lazily"": true}",397,2133.94,0.174,4,0,33.0
G2-1024-R06,R06,1024,primary,2510706,completed,0,0,20261007T054943Z-155a46,mflux-qwen-image-2.1-edit-q4,fffe8df31c8b964b382deee2e6a7ad1c77e7fd6982169dbaee838dc810a0274b,b0b7648ef85456f766bfaf014f87fbf25364708a7019df8d0fcdb661851451c6,a64029d3935cab725b2317996eb81695b643691aa4dd6d0df099f2664325d016,cbde87252b8050a3643da00201d080f649565b10721c6db8e56f595152506409,f683a93d654bd74c41d91e99ddf6971cdbe8201cbcd36f02787ec49758b4a979,1184,896,/Users/nckandrw/Dev/photo-gen/data/outputs/2026/10/07/20261007T054943Z-155a46.png,601.763,581.625,4.304,1.391,10.174,10.865,7.205,"{""defer_transformer_load"": true, ""release_text_encoder_after_encode"": true, ""release_vae_during_denoise"": true, ""text_encoder_released_after_encode"": true, ""vae_reloaded_lazily"": true}",426,2159.62,0.502,4,0,28.0
G2-1024-R07,R07,1024,primary,2510707,completed,0,0,20261007T060006Z-1adc33,mflux-qwen-image-2.1-edit-q4,fffe8df31c8b964b382deee2e6a7ad1c77e7fd6982169dbaee838dc810a0274b,1d77007a2969e25568b910541411f5e199b59c0f335767c114c9c7fb61f672ed,b0aeb3a82305abb84f9debcf0a5a9c3e6e465c98e210860f5f093aacd09c797b,1e7aef3ad887925e58b2cd09d5a5ce226940ffec0af5df57ce24a1b45067f95f,6f0871ef29922334ddd6378e7765dd8fd0d06347640205fb7d4cdcb35db82635,1344,768,/Users/nckandrw/Dev/photo-gen/data/outputs/2026/10/07/20261007T060006Z-1adc33.png,579.766,558.007,4.585,1.421,10.81,10.721,7.226,"{""defer_transformer_load"": true, ""release_text_encoder_after_encode"": true, ""release_vae_during_denoise"": true, ""text_encoder_released_after_encode"": true, ""vae_reloaded_lazily"": true}",407,2209.94,0.702,11,0,28.0
G2-1024-R08,R08,1024,primary,2510708,completed,0,0,20261007T061007Z-c34085,mflux-qwen-image-2.1-edit-q4,fffe8df31c8b964b382deee2e6a7ad1c77e7fd6982169dbaee838dc810a0274b,e7e165a80e8a8765ccc00534fa7ab53e5fe4d29f3fb04dcedb5b10792dbfe51a,32756dabfa9bb1cfe41587d8e6bbe251ff72767521e0b10e07c73f9cfdc6e16f,c264ec552f89f803ddfdd577f80dc37601978fdb08d9c282ab8fa345e89f4c0a,d36140ed58d86b005a43a237db46304fb4b9cf88d556be209a214f97ea2a17b1,896,1184,/Users/nckandrw/Dev/photo-gen/data/outputs/2026/10/07/20261007T061007Z-c34085.png,591.528,571.169,4.649,1.423,9.748,10.888,7.205,"{""defer_transformer_load"": true, ""release_text_encoder_after_encode"": true, ""release_vae_during_denoise"": true, ""text_encoder_released_after_encode"": true, ""vae_reloaded_lazily"": true}",418,1657.94,0.379,10,0,27.0
G2-1024-R08-s2,R08,1024,second_seed,2520708,completed,0,0,20261007T074258Z-484659,mflux-qwen-image-2.1-edit-q4,fffe8df31c8b964b382deee2e6a7ad1c77e7fd6982169dbaee838dc810a0274b,ac041fd4765397b0a6a746f07f528bcfe64e58d653174abfc5aa777f7dcd7f84,32756dabfa9bb1cfe41587d8e6bbe251ff72767521e0b10e07c73f9cfdc6e16f,ddddf2f9b944dae79ae643fc731c6dbcd522faf0cc56f25852ad3df91dc7f6d5,7e67ee7ca43a58117da481f04040737c14fdd3147c103ff9082ac77eecfca3e8,896,1184,/Users/nckandrw/Dev/photo-gen/data/outputs/2026/10/07/20261007T074258Z-484659.png,607.136,586.356,4.844,1.425,9.808,10.888,7.205,"{""defer_transformer_load"": true, ""release_text_encoder_after_encode"": true, ""release_vae_during_denoise"": true, ""text_encoder_released_after_encode"": true, ""vae_reloaded_lazily"": true}",435,1782.88,0.668,6,0,30.0
G2-1024-R09,R09,1024,primary,2510709,completed,0,0,20261007T062021Z-c4f545,mflux-qwen-image-2.1-edit-q4,fffe8df31c8b964b382deee2e6a7ad1c77e7fd6982169dbaee838dc810a0274b,7d034df21b7acb49e049301a73677085f46c42b30b76bc46f85f72392f7315de,6798a5d5cae2ae815747d314b058945ac10dd3529db93a5afcf7ba2fe998974e,a46af4ce294bf16220400b95ec75b15106b65c4d4f403633ebe5490c993a05a6,5626b0d177ffe72fdf6a061542cff3140e3665eb00ec095935e6164c90fc2457,1248,832,/Users/nckandrw/Dev/photo-gen/data/outputs/2026/10/07/20261007T062021Z-c4f545.png,579.87,558.744,4.471,1.454,10.519,10.78,7.232,"{""defer_transformer_load"": true, ""release_text_encoder_after_encode"": true, ""release_vae_during_denoise"": true, ""text_encoder_released_after_encode"": true, ""vae_reloaded_lazily"": true}",411,1614.5,0.667,6,0,28.0
G2-1024-R09-rep,R09,1024,repeat,2510709,completed,0,0,20261007T082432Z-9dee64,mflux-qwen-image-2.1-edit-q4,fffe8df31c8b964b382deee2e6a7ad1c77e7fd6982169dbaee838dc810a0274b,7d034df21b7acb49e049301a73677085f46c42b30b76bc46f85f72392f7315de,6798a5d5cae2ae815747d314b058945ac10dd3529db93a5afcf7ba2fe998974e,a46af4ce294bf16220400b95ec75b15106b65c4d4f403633ebe5490c993a05a6,5626b0d177ffe72fdf6a061542cff3140e3665eb00ec095935e6164c90fc2457,1248,832,/Users/nckandrw/Dev/photo-gen/data/outputs/2026/10/07/20261007T082432Z-9dee64.png,590.815,570.166,4.732,1.42,10.185,10.78,7.232,"{""defer_transformer_load"": true, ""release_text_encoder_after_encode"": true, ""release_vae_during_denoise"": true, ""text_encoder_released_after_encode"": true, ""vae_reloaded_lazily"": true}",425,2239.94,0.255,5,0,31.0
G2-1024-R09-s2,R09,1024,second_seed,2520709,completed,0,0,20261007T075326Z-65fc52,mflux-qwen-image-2.1-edit-q4,fffe8df31c8b964b382deee2e6a7ad1c77e7fd6982169dbaee838dc810a0274b,1ae37deb22d8edf11b6e9222fd558c05cf676d3f85f62e6be245621a13c2e71a,6798a5d5cae2ae815747d314b058945ac10dd3529db93a5afcf7ba2fe998974e,51e8a0fbd715f6f1c0320cc86834e78e37c844d98c1de3248a73dae5687d48d8,cbc5d124243901c63b299d7e0116de3ea937eb670d9bddbb0c944da0766ddeab,1248,832,/Users/nckandrw/Dev/photo-gen/data/outputs/2026/10/07/20261007T075326Z-65fc52.png,594.042,573.679,4.376,1.413,10.359,10.78,7.232,"{""defer_transformer_load"": true, ""release_text_encoder_after_encode"": true, ""release_vae_during_denoise"": true, ""text_encoder_released_after_encode"": true, ""vae_reloaded_lazily"": true}",423,2210.75,0.123,5,0,33.0
G2-1024-R10,R10,1024,primary,2510710,completed,0,0,20261007T063022Z-7c264c,mflux-qwen-image-2.1-edit-q4,fffe8df31c8b964b382deee2e6a7ad1c77e7fd6982169dbaee838dc810a0274b,53802351f1e1acec20f7db02d30d78823d9f59f9c2b7203c1dc693c5480287ce,c23b23a3344eccd815b7e4a05ac44c654c5e0db9490ddb77c3bf18b051ec3d90,b42353fe7727b599001a0a2ea508de2ceabb8e61d016e73c3903e2f809bc33e0,43c9a7fd03b4ada63c72e258323d9c22a9ac407638b493a446dc1825a5bf6ea7,1216,864,/Users/nckandrw/Dev/photo-gen/data/outputs/2026/10/07/20261007T063022Z-7c264c.png,591.726,571.117,4.674,1.375,10.294,10.803,7.195,"{""defer_transformer_load"": true, ""release_text_encoder_after_encode"": true, ""release_vae_during_denoise"": true, ""text_encoder_released_after_encode"": true, ""vae_reloaded_lazily"": true}",423,1897.5,0.44,4,0,28.0
G2-1024-R11,R11,1024,primary,2510711,completed,0,0,20261007T064035Z-2e44b8,mflux-qwen-image-2.1-edit-q4,fffe8df31c8b964b382deee2e6a7ad1c77e7fd6982169dbaee838dc810a0274b,59c2cebd9f4209e7559eb555cdf9a12c272a26ae9be012016be7eff6b907da17,c3b816de12cb303d32ed2b99fdcba1b8eb6a01965f3b96b82da9d3b9e7d1d24d,502c4f5503a9f8cc6bb7fefdee2c863fba162a989e1d73b20dceba2cf1a0bc1f,8a9705dd213709863c92ab6a8e796a073975981f4608915102ffc06c02d53ac8,768,1376,/Users/nckandrw/Dev/photo-gen/data/outputs/2026/10/07/20261007T064035Z-2e44b8.png,598.747,577.119,4.419,1.385,11.586,10.821,7.201,"{""defer_transformer_load"": true, ""release_text_encoder_after_encode"": true, ""release_vae_during_denoise"": true, ""text_encoder_released_after_encode"": true, ""vae_reloaded_lazily"": true}",427,2116.12,0.441,4,0,29.0
G2-1024-R11-s2,R11,1024,second_seed,2520711,completed,0,0,20261007T080341Z-25da9c,mflux-qwen-image-2.1-edit-q4,fffe8df31c8b964b382deee2e6a7ad1c77e7fd6982169dbaee838dc810a0274b,e42b69bd390cda3476da11d11781e9cef28363325ffb309907dbc47033441d07,c3b816de12cb303d32ed2b99fdcba1b8eb6a01965f3b96b82da9d3b9e7d1d24d,d62f4301a59ad5fd73f28fb0ed61011ee99c3dfda41e1d79e24879b1ccfd471f,4f2b45b960357abb73f6d521612d9b4815ac35ecc2af2373a0a822b60da83adc,768,1376,/Users/nckandrw/Dev/photo-gen/data/outputs/2026/10/07/20261007T080341Z-25da9c.png,604.516,583.251,4.56,1.38,11.089,10.821,7.201,"{""defer_transformer_load"": true, ""release_text_encoder_after_encode"": true, ""release_vae_during_denoise"": true, ""text_encoder_released_after_encode"": true, ""vae_reloaded_lazily"": true}",431,1928.75,0.61,5,0,30.0
G2-1024-R12,R12,1024,primary,2510712,completed,0,0,20261007T065055Z-2d482d,mflux-qwen-image-2.1-edit-q4,fffe8df31c8b964b382deee2e6a7ad1c77e7fd6982169dbaee838dc810a0274b,aa569a49067aed2e65605b8f5359a38c8317a02952b84397eba2f1e0db27c8cd,6766f9603ea0a60bf338e6bd40308d3bdce19b0566379b2f0fab8b94e228e301,85c0235ae4e5b15d1982c4e398968418ae4bc01f69d7d758b6254973f7ec2cb4,313a7b96580a66da05c5cdfdb7817f1ba2257723e30398db6c67abc927e3260f,896,1184,/Users/nckandrw/Dev/photo-gen/data/outputs/2026/10/07/20261007T065055Z-2d482d.png,633.807,613.138,5.016,1.423,9.885,10.866,7.205,"{""defer_transformer_load"": true, ""release_text_encoder_after_encode"": true, ""release_vae_during_denoise"": true, ""text_encoder_released_after_encode"": true, ""vae_reloaded_lazily"": true}",452,1450.38,0.5,5,0,30.0
G2-1024-R12-rep,R12,1024,repeat,2510712,completed,0,0,20261007T083444Z-cd0742,mflux-qwen-image-2.1-edit-q4,fffe8df31c8b964b382deee2e6a7ad1c77e7fd6982169dbaee838dc810a0274b,aa569a49067aed2e65605b8f5359a38c8317a02952b84397eba2f1e0db27c8cd,6766f9603ea0a60bf338e6bd40308d3bdce19b0566379b2f0fab8b94e228e301,85c0235ae4e5b15d1982c4e398968418ae4bc01f69d7d758b6254973f7ec2cb4,313a7b96580a66da05c5cdfdb7817f1ba2257723e30398db6c67abc927e3260f,896,1184,/Users/nckandrw/Dev/photo-gen/data/outputs/2026/10/07/20261007T083444Z-cd0742.png,602.497,582.616,4.51,1.407,9.81,10.865,7.205,"{""defer_transformer_load"": true, ""release_text_encoder_after_encode"": true, ""release_vae_during_denoise"": true, ""text_encoder_released_after_encode"": true, ""vae_reloaded_lazily"": true}",433,2373.56,0.452,5,0,29.0
G2-1024-R12-s2,R12,1024,second_seed,2520712,completed,0,0,20261007T081406Z-dac4b5,mflux-qwen-image-2.1-edit-q4,fffe8df31c8b964b382deee2e6a7ad1c77e7fd6982169dbaee838dc810a0274b,188965c52b0fc22a8918d14080a305302808555777d2c2faac8acfbde675692f,6766f9603ea0a60bf338e6bd40308d3bdce19b0566379b2f0fab8b94e228e301,56e4a18973e254e5ae99752d6e07e8b7c2bcc4a0a479e27ca04e4563b45800cb,62301ade5f644e036207ae0c0aca6aab8e9c8c85996e243ca1fc0fa6303f29ee,896,1184,/Users/nckandrw/Dev/photo-gen/data/outputs/2026/10/07/20261007T081406Z-dac4b5.png,604.118,583.899,4.755,1.397,9.814,10.867,7.205,"{""defer_transformer_load"": true, ""release_text_encoder_after_encode"": true, ""release_vae_during_denoise"": true, ""text_encoder_released_after_encode"": true, ""vae_reloaded_lazily"": true}",432,2137.25,0.522,5,0,29.0
G2-1024-R13,R13,1024,primary,2510713,completed,0,0,20261007T070149Z-e5da0c,mflux-qwen-image-2.1-edit-q4,fffe8df31c8b964b382deee2e6a7ad1c77e7fd6982169dbaee838dc810a0274b,54551caea0f0822f4545d0cc585c9b406486ad50c7dd7e3787d500b369beb363,2922dff960c70946caadd5cba5d8565c3bf275ab6262351558615a01fa07a7d9,d3860acffd9d35d0165a0610689c21d983006c2f910c8ce9d93659900aa2edc8,ae2a404d53b2e118e1868751e928fd711836eab9be3dfd63057769561d89a516,832,1248,/Users/nckandrw/Dev/photo-gen/data/outputs/2026/10/07/20261007T070149Z-e5da0c.png,591.16,570.912,4.427,1.413,10.322,10.921,7.232,"{""defer_transformer_load"": true, ""release_text_encoder_after_encode"": true, ""release_vae_during_denoise"": true, ""text_encoder_released_after_encode"": true, ""vae_reloaded_lazily"": true}",421,1706.12,0.271,6,0,29.0
G2-1024-R14,R14,1024,primary,2510714,completed,0,0,20261007T071202Z-c47bfd,mflux-qwen-image-2.1-edit-q4,fffe8df31c8b964b382deee2e6a7ad1c77e7fd6982169dbaee838dc810a0274b,3c15ce03f15497260bad4590de345c5d3e2352404125f1babf28c340915ab0f4,67dcda4aabe093311db117cd7abf12c284a1a21e2e76d5303dd33123f0720bbc,ba3cd7aebffcf94cf0d8ee47ce42a74f52d3674d366e378a7dcc242f8347e017,cb1c50648756576d72ae99135cdf5f801b41859951aa95996b0294a96cd33b74,1248,832,/Users/nckandrw/Dev/photo-gen/data/outputs/2026/10/07/20261007T071202Z-c47bfd.png,590.888,570.303,4.764,1.418,10.378,10.753,7.232,"{""defer_transformer_load"": true, ""release_text_encoder_after_encode"": true, ""release_vae_during_denoise"": true, ""text_encoder_released_after_encode"": true, ""vae_reloaded_lazily"": true}",424,1663.69,0.395,5,0,30.0
G2-1024-R15,R15,1024,primary,2510715,completed,0,0,20261007T072214Z-31d5b1,mflux-qwen-image-2.1-edit-q4,fffe8df31c8b964b382deee2e6a7ad1c77e7fd6982169dbaee838dc810a0274b,34b0436f072e3176486cdadfb9cdb3bdad904c807a3c7f9ce26c44f10aa24be0,d3c22ffaae47572c1515a0d7f58231cc1ce88055b344c11e7d58c5561442335e,bd8e3f1b50789ce14dc3fea9419f4a5b0befd8ecfeadcfe54427f2cbc4f30acb,6822eb3dc3129641ea93fc723870afe3465992b71d5ac10d7854ac27ed944f19,896,1184,/Users/nckandrw/Dev/photo-gen/data/outputs/2026/10/07/20261007T072214Z-31d5b1.png,606.036,586.082,4.535,1.388,9.812,10.868,7.205,"{""defer_transformer_load"": true, ""release_text_encoder_after_encode"": true, ""release_vae_during_denoise"": true, ""text_encoder_released_after_encode"": true, ""vae_reloaded_lazily"": true}",433,1884.06,0.565,5,0,31.0
G2-1024-R16,R16,1024,primary,2510716,completed,0,0,20261007T073242Z-10bf60,mflux-qwen-image-2.1-edit-q4,fffe8df31c8b964b382deee2e6a7ad1c77e7fd6982169dbaee838dc810a0274b,cf5e46e9c72fc6b043af167d8b89e1e12f79f65bfd7707c606fdaac1f3659471,2f4ad78dbd52663b9c92b26642ed30ae667e7f623418263e967a6fe8a4cbab91,9c961954360bc2bf9b841b5a1244aecd7cca798c990ff8de4770d48a472abdf0,6447155bd49f601203c0668eb5623ba21dc98f74c3bb1b0c1aab4227048f1c37,1248,832,/Users/nckandrw/Dev/photo-gen/data/outputs/2026/10/07/20261007T073242Z-10bf60.png,594.323,573.728,4.588,1.426,10.229,11.098,7.232,"{""defer_transformer_load"": true, ""release_text_encoder_after_encode"": true, ""release_vae_during_denoise"": true, ""text_encoder_released_after_encode"": true, ""vae_reloaded_lazily"": true}",424,2134.69,0.102,7,0,28.0
G2-512-R01,R01,512,primary,2510701,completed,0,0,20261007T041105Z-35b82d,mflux-qwen-image-2.1-edit-q4,3cd79615e8a685fcce970a6941ed77d3704152d1a56ef1f595fcdbbdd29aef1f,aee15fc948d0e5bed9bdc39005833f1204932073ccf0bbcb70619b89c1a02339,e91528e840f503a66aa0f5ce6cb438dc58a47cc5eb05d840f10ee6c95ec792e8,1c254fc1559649c105ee3ce5fc50b61e1432b13e8630b2765e7827209b698324,ee847ed435ae83405d833486a0371a07425dfe3ef59ccf3d21618d0142ba660e,608,416,/Users/nckandrw/Dev/photo-gen/data/outputs/2026/10/07/20261007T041105Z-35b82d.png,80.096,72.93,1.163,0.408,1.799,8.107,7.343,"{""defer_transformer_load"": true, ""release_text_encoder_after_encode"": true, ""release_vae_during_denoise"": true, ""text_encoder_released_after_encode"": true, ""vae_reloaded_lazily"": true}",58,1903.69,0.0,0,0,39.0
G2-512-R02,R02,512,primary,2510702,completed,0,0,20261007T041247Z-42bd62,mflux-qwen-image-2.1-edit-q4,3cd79615e8a685fcce970a6941ed77d3704152d1a56ef1f595fcdbbdd29aef1f,0c00838332ee350bba5a2e6c0dc2f2ca40ba2d05241da3f2be9ab8b61d552d66,73670d26a44b0281bab6f60d37d4adb69f77a1a836ea9dea0cb306a7a21239e9,c100bbf6d05b5e6bd8c555398b9b08863651c68b44e22aadd1019d370b444257,e541650e7c265ca7c4bec9c9290d63e3c2436385ff6557ae43c11791e069eb5c,576,448,/Users/nckandrw/Dev/photo-gen/data/outputs/2026/10/07/20261007T041247Z-42bd62.png,82.93,75.771,1.021,0.395,1.871,8.174,7.367,"{""defer_transformer_load"": true, ""release_text_encoder_after_encode"": true, ""release_vae_during_denoise"": true, ""text_encoder_released_after_encode"": true, ""vae_reloaded_lazily"": true}",59,1903.69,0.0,0,0,53.0
G2-512-R03,R03,512,primary,2510703,completed,0,0,20261007T041431Z-31912a,mflux-qwen-image-2.1-edit-q4,3cd79615e8a685fcce970a6941ed77d3704152d1a56ef1f595fcdbbdd29aef1f,c301904d2ba0213cf43cc82e739fbbc19f2bd81a5ee31450472a9d4630f420c3,aa3f4468998751d8a16edfb3cc1815e60a2d79fd33b83d6e1030ee334e8ebe14,c00a1e8c3b4a7062a2e4b0410e7770b252dd870ea0ba83de0ee0ed0b0e6c3c15,b8314ef29fde75732b29fe719bb233c37c110ba5c8678b7195c0e28afef85d05,640,416,/Users/nckandrw/Dev/photo-gen/data/outputs/2026/10/07/20261007T041431Z-31912a.png,94.414,86.958,1.044,0.393,2.118,8.176,7.407,"{""defer_transformer_load"": true, ""release_text_encoder_after_encode"": true, ""release_vae_during_denoise"": true, ""text_encoder_released_after_encode"": true, ""vae_reloaded_lazily"": true}",68,1895.69,0.0,0,0,44.0
G2-512-R04,R04,512,primary,2510704,completed,0,0,20261007T041627Z-7d753b,mflux-qwen-image-2.1-edit-q4,3cd79615e8a685fcce970a6941ed77d3704152d1a56ef1f595fcdbbdd29aef1f,51bd5a553240d09d210f022c14e6afd0039bc4487501ea783dfe3599d7a5bb75,195e3906a155861f134e646ff75b1862cf7e6d5b40ab33d959ebad99303821b3,5350c4f81b3924b6fd3472e460bbe63304f988f62f1e6ef57470927702658824,08da4d2442df055b0074fe41722b08de8cacfe7f3ed221e03560b0f15c8b026e,576,448,/Users/nckandrw/Dev/photo-gen/data/outputs/2026/10/07/20261007T041627Z-7d753b.png,98.514,90.967,1.092,0.419,2.323,8.133,7.367,"{""defer_transformer_load"": true, ""release_text_encoder_after_encode"": true, ""release_vae_during_denoise"": true, ""text_encoder_released_after_encode"": true, ""vae_reloaded_lazily"": true}",71,1887.69,0.0,0,0,47.0
G2-512-R05,R05,512,primary,2510705,completed,0,0,20261007T041826Z-0c0277,mflux-qwen-image-2.1-edit-q4,3cd79615e8a685fcce970a6941ed77d3704152d1a56ef1f595fcdbbdd29aef1f,c223e4c65bb9296ba4ba3b0ca8af60b22774c894dbfcc36c5104cfdeb20a9421,f7f23ad5e283afc8d2cbe003b267b1114ef35bc2f10173d00854c249dc495435,eb0e8d28c1c2c5525b0d743c8a82d9e3640311bba5f14572b28bfe50cf70c1fd,f131cf1e5fd462e8c4a2d1b94dba11d1a689f55d36a41377bcffad40f226a1dc,640,416,/Users/nckandrw/Dev/photo-gen/data/outputs/2026/10/07/20261007T041826Z-0c0277.png,107.945,100.04,1.175,0.432,2.437,8.175,7.407,"{""defer_transformer_load"": true, ""release_text_encoder_after_encode"": true, ""release_vae_during_denoise"": true, ""text_encoder_released_after_encode"": true, ""vae_reloaded_lazily"": true}",78,1887.69,0.0,0,0,47.0
G2-512-R06,R06,512,primary,2510706,completed,0,0,20261007T042035Z-f50ab4,mflux-qwen-image-2.1-edit-q4,3cd79615e8a685fcce970a6941ed77d3704152d1a56ef1f595fcdbbdd29aef1f,a0eba6e3b07b2a0912041a35d12f4b68f601d9ec9b0166fcbc1e9a2c1cf0b7e6,a64029d3935cab725b2317996eb81695b643691aa4dd6d0df099f2664325d016,de34c2520f564ffc0ce296c4610a9abadd3fc8a4e7370ac30c46dd2f496a94a0,c368a30295efe83ff3e5db0e0858081d26ec2d658b9994c70f3657da4eb5a899,576,448,/Users/nckandrw/Dev/photo-gen/data/outputs/2026/10/07/20261007T042035Z-f50ab4.png,103.223,95.368,1.091,0.425,2.406,8.132,7.367,"{""defer_transformer_load"": true, ""release_text_encoder_after_encode"": true, ""release_vae_during_denoise"": true, ""text_encoder_released_after_encode"": true, ""vae_reloaded_lazily"": true}",75,1871.69,0.0,0,0,57.0
G2-512-R07,R07,512,primary,2510707,completed,0,0,20261007T042239Z-5fb3ad,mflux-qwen-image-2.1-edit-q4,3cd79615e8a685fcce970a6941ed77d3704152d1a56ef1f595fcdbbdd29aef1f,1c17696b4a9d279a90805372384d1dce23604279d10e5ba7edd1ca77f598ace5,b0aeb3a82305abb84f9debcf0a5a9c3e6e465c98e210860f5f093aacd09c797b,994e6a784bdaee6ce43391b000eb581f7f1c8de476106aa1043213f3afb1125f,ff3557e526a2e8e0ae505bdd25e836565643ddbba21bb3908569f769169c733b,672,384,/Users/nckandrw/Dev/photo-gen/data/outputs/2026/10/07/20261007T042239Z-5fb3ad.png,103.93,96.287,1.122,0.427,2.326,8.136,7.367,"{""defer_transformer_load"": true, ""release_text_encoder_after_encode"": true, ""release_vae_during_denoise"": true, ""text_encoder_released_after_encode"": true, ""vae_reloaded_lazily"": true}",75,1871.69,0.0,0,0,54.0
G2-512-R08,R08,512,primary,2510708,completed,0,0,20261007T042445Z-0f3c83,mflux-qwen-image-2.1-edit-q4,3cd79615e8a685fcce970a6941ed77d3704152d1a56ef1f595fcdbbdd29aef1f,f050d44bb4780eed1a85fe006b5b93f6f9cc8fcd4cac11511f1f828c5563e6df,32756dabfa9bb1cfe41587d8e6bbe251ff72767521e0b10e07c73f9cfdc6e16f,41ef0988db121556206bcef0a22f1c1ba9f8d5cd3480764b347015756f7e350e,790ac29dd6bbed893345de9d2f0c2f49101782abc65ad5f5616fef4b79bcf0df,448,576,/Users/nckandrw/Dev/photo-gen/data/outputs/2026/10/07/20261007T042445Z-0f3c83.png,104.602,96.73,1.078,0.415,2.414,8.182,7.367,"{""defer_transformer_load"": true, ""release_text_encoder_after_encode"": true, ""release_vae_during_denoise"": true, ""text_encoder_released_after_encode"": true, ""vae_reloaded_lazily"": true}",75,1863.69,0.0,0,0,44.0
G2-512-R08-rep,R08,512,repeat,2510708,completed,0,0,20261007T045232Z-f63e4a,mflux-qwen-image-2.1-edit-q4,3cd79615e8a685fcce970a6941ed77d3704152d1a56ef1f595fcdbbdd29aef1f,f050d44bb4780eed1a85fe006b5b93f6f9cc8fcd4cac11511f1f828c5563e6df,32756dabfa9bb1cfe41587d8e6bbe251ff72767521e0b10e07c73f9cfdc6e16f,41ef0988db121556206bcef0a22f1c1ba9f8d5cd3480764b347015756f7e350e,790ac29dd6bbed893345de9d2f0c2f49101782abc65ad5f5616fef4b79bcf0df,448,576,/Users/nckandrw/Dev/photo-gen/data/outputs/2026/10/07/20261007T045232Z-f63e4a.png,102.358,94.332,1.347,0.434,2.352,8.177,7.367,"{""defer_transformer_load"": true, ""release_text_encoder_after_encode"": true, ""release_vae_during_denoise"": true, ""text_encoder_released_after_encode"": true, ""vae_reloaded_lazily"": true}",74,1433.38,0.0,1,0,34.0
G2-512-R08-s2,R08,512,second_seed,2520708,completed,0,0,20261007T044410Z-46e29c,mflux-qwen-image-2.1-edit-q4,3cd79615e8a685fcce970a6941ed77d3704152d1a56ef1f595fcdbbdd29aef1f,5c18a784b7da2357f5a7f83b68512cdf77cc5c028909e93b9fdb208d957991cc,32756dabfa9bb1cfe41587d8e6bbe251ff72767521e0b10e07c73f9cfdc6e16f,ae9388cf922dde3a954491cd4710bbef1d673dcd18ad21eb7314626132ba6b36,25d2c481369a57657e5266fab875319ea67d39f53ef109729476565c20dbfca1,448,576,/Users/nckandrw/Dev/photo-gen/data/outputs/2026/10/07/20261007T044410Z-46e29c.png,102.72,94.551,1.377,0.483,2.376,8.178,7.367,"{""defer_transformer_load"": true, ""release_text_encoder_after_encode"": true, ""release_vae_during_denoise"": true, ""text_encoder_released_after_encode"": true, ""vae_reloaded_lazily"": true}",74,1433.38,0.0,1,0,33.0
G2-512-R09,R09,512,primary,2510709,completed,0,0,20261007T042650Z-2b0b1a,mflux-qwen-image-2.1-edit-q4,3cd79615e8a685fcce970a6941ed77d3704152d1a56ef1f595fcdbbdd29aef1f,c1a50c93ebe399b05547bbf81a5882439da07d3262d246fbd94db34ec92684c8,6798a5d5cae2ae815747d314b058945ac10dd3529db93a5afcf7ba2fe998974e,66abdbbae39ad7dc66c7be2e1f1cd6553dbdfb1cd19eca05c0d38ce0b5aeb305,f388c3ede273976db1ef85235add74bfb15f3affd61ae94cc0754773c6615303,640,416,/Users/nckandrw/Dev/photo-gen/data/outputs/2026/10/07/20261007T042650Z-2b0b1a.png,115.146,106.965,1.164,0.436,2.463,8.259,7.407,"{""defer_transformer_load"": true, ""release_text_encoder_after_encode"": true, ""release_vae_during_denoise"": true, ""text_encoder_released_after_encode"": true, ""vae_reloaded_lazily"": true}",83,1847.69,0.0,0,0,40.0
G2-512-R09-rep,R09,512,repeat,2510709,completed,0,0,20261007T045435Z-af3daf,mflux-qwen-image-2.1-edit-q4,3cd79615e8a685fcce970a6941ed77d3704152d1a56ef1f595fcdbbdd29aef1f,c1a50c93ebe399b05547bbf81a5882439da07d3262d246fbd94db34ec92684c8,6798a5d5cae2ae815747d314b058945ac10dd3529db93a5afcf7ba2fe998974e,66abdbbae39ad7dc66c7be2e1f1cd6553dbdfb1cd19eca05c0d38ce0b5aeb305,f388c3ede273976db1ef85235add74bfb15f3affd61ae94cc0754773c6615303,640,416,/Users/nckandrw/Dev/photo-gen/data/outputs/2026/10/07/20261007T045435Z-af3daf.png,109.382,101.224,1.305,0.45,2.406,8.262,7.407,"{""defer_transformer_load"": true, ""release_text_encoder_after_encode"": true, ""release_vae_during_denoise"": true, ""text_encoder_released_after_encode"": true, ""vae_reloaded_lazily"": true}",79,1433.38,0.0,1,0,34.0
G2-512-R09-s2,R09,512,second_seed,2520709,completed,0,0,20261007T044613Z-3af1c0,mflux-qwen-image-2.1-edit-q4,3cd79615e8a685fcce970a6941ed77d3704152d1a56ef1f595fcdbbdd29aef1f,0ce437df476c53a74180fa1b7f8d7fd174b5c0460cb03714aaa368d7941026c3,6798a5d5cae2ae815747d314b058945ac10dd3529db93a5afcf7ba2fe998974e,7cc43e9492fe4060988f0a4f233d219bb02c8155cba10804619719409c74e4e4,90b314a15b3ec9ce49bdcfcb976c038d6e131a5796f1e86844b98e97a61742d8,640,416,/Users/nckandrw/Dev/photo-gen/data/outputs/2026/10/07/20261007T044613Z-3af1c0.png,110.079,101.705,1.384,0.458,2.454,8.259,7.407,"{""defer_transformer_load"": true, ""release_text_encoder_after_encode"": true, ""release_vae_during_denoise"": true, ""text_encoder_released_after_encode"": true, ""vae_reloaded_lazily"": true}",80,1433.38,0.0,1,0,32.0
G2-512-R10,R10,512,primary,2510710,completed,0,0,20261007T042907Z-67ca12,mflux-qwen-image-2.1-edit-q4,3cd79615e8a685fcce970a6941ed77d3704152d1a56ef1f595fcdbbdd29aef1f,34b91e3587fd6a7fd2782ca8a3b9df4e059981d278248cb984075b27eb59b60e,c23b23a3344eccd815b7e4a05ac44c654c5e0db9490ddb77c3bf18b051ec3d90,af64f28a0c5947b46428c775380a0eebd98bc9c7e5c1cf9b84a602c90ceed072,578354b4c4cd8cab0bd6252636aab7bfc08dac0fd41c8cb1ece7f45670146450,608,416,/Users/nckandrw/Dev/photo-gen/data/outputs/2026/10/07/20261007T042907Z-67ca12.png,109.057,101.083,1.245,0.446,2.311,8.106,7.343,"{""defer_transformer_load"": true, ""release_text_encoder_after_encode"": true, ""release_vae_during_denoise"": true, ""text_encoder_released_after_encode"": true, ""vae_reloaded_lazily"": true}",77,1447.69,0.0,0,0,46.0
G2-512-R11,R11,512,primary,2510711,completed,0,0,20261007T043117Z-2294a2,mflux-qwen-image-2.1-edit-q4,3cd79615e8a685fcce970a6941ed77d3704152d1a56ef1f595fcdbbdd29aef1f,8b45f7ed479f3a6bfe745dd26fe03935cfa17dae3072d905dce8b145114d0d1c,c3b816de12cb303d32ed2b99fdcba1b8eb6a01965f3b96b82da9d3b9e7d1d24d,b714b21f15e31f40a5dfe7f68893425c5efcab13d5dcda9efac357085c857673,35d0ae8803955072e2209dff6ae1b0045ae40127e369c7d2fef20d88b8931edd,384,672,/Users/nckandrw/Dev/photo-gen/data/outputs/2026/10/07/20261007T043117Z-2294a2.png,106.971,98.8,1.598,0.458,2.237,8.131,7.367,"{""defer_transformer_load"": true, ""release_text_encoder_after_encode"": true, ""release_vae_during_denoise"": true, ""text_encoder_released_after_encode"": true, ""vae_reloaded_lazily"": true}",75,1415.69,0.0,1,0,38.0
G2-512-R11-s2,R11,512,second_seed,2520711,completed,0,0,20261007T044825Z-ee9565,mflux-qwen-image-2.1-edit-q4,3cd79615e8a685fcce970a6941ed77d3704152d1a56ef1f595fcdbbdd29aef1f,342c5c5dccd64e858241a9bccbb871c5ec7f2a34ce5a6ee1ee6fae7680101da6,c3b816de12cb303d32ed2b99fdcba1b8eb6a01965f3b96b82da9d3b9e7d1d24d,dbef8ee352e69ddbb819b6f161828e7619d4a6aa3c242746268b6ec02f070fa9,5b6bbb0c2b89dd0f00244d978907120979314358d8348eeef9d1229cf64128b2,384,672,/Users/nckandrw/Dev/photo-gen/data/outputs/2026/10/07/20261007T044825Z-ee9565.png,101.966,94.228,1.174,0.424,2.309,8.117,7.367,"{""defer_transformer_load"": true, ""release_text_encoder_after_encode"": true, ""release_vae_during_denoise"": true, ""text_encoder_released_after_encode"": true, ""vae_reloaded_lazily"": true}",73,1433.38,0.0,0,0,41.0
G2-512-R12,R12,512,primary,2510712,completed,0,0,20261007T043325Z-1c8e43,mflux-qwen-image-2.1-edit-q4,3cd79615e8a685fcce970a6941ed77d3704152d1a56ef1f595fcdbbdd29aef1f,b9df74ed77429ba67d2c084f877a3e53e21ed188ea19a40b7b0d23a31d2ae047,6766f9603ea0a60bf338e6bd40308d3bdce19b0566379b2f0fab8b94e228e301,215e8853c89a44f4097c6e79b242dbf0a13e866d3c24718c30424239eae58453,e529a4df9f38ae554b71452f7d6a0faac2613f89a4bd9ed93b2a299d5baf1d48,448,576,/Users/nckandrw/Dev/photo-gen/data/outputs/2026/10/07/20261007T043325Z-1c8e43.png,105.342,97.247,1.331,0.453,2.35,8.142,7.367,"{""defer_transformer_load"": true, ""release_text_encoder_after_encode"": true, ""release_vae_during_denoise"": true, ""text_encoder_released_after_encode"": true, ""vae_reloaded_lazily"": true}",76,1399.69,0.0,0,0,48.0
G2-512-R12-rep,R12,512,repeat,2510712,completed,0,0,20261007T045646Z-6f6e5f,mflux-qwen-image-2.1-edit-q4,3cd79615e8a685fcce970a6941ed77d3704152d1a56ef1f595fcdbbdd29aef1f,b9df74ed77429ba67d2c084f877a3e53e21ed188ea19a40b7b0d23a31d2ae047,6766f9603ea0a60bf338e6bd40308d3bdce19b0566379b2f0fab8b94e228e301,215e8853c89a44f4097c6e79b242dbf0a13e866d3c24718c30424239eae58453,e529a4df9f38ae554b71452f7d6a0faac2613f89a4bd9ed93b2a299d5baf1d48,448,576,/Users/nckandrw/Dev/photo-gen/data/outputs/2026/10/07/20261007T045646Z-6f6e5f.png,103.233,95.397,1.115,0.429,2.404,8.142,7.367,"{""defer_transformer_load"": true, ""release_text_encoder_after_encode"": true, ""release_vae_during_denoise"": true, ""text_encoder_released_after_encode"": true, ""vae_reloaded_lazily"": true}",75,1433.38,0.0,0,0,47.0
G2-512-R12-s2,R12,512,second_seed,2520712,completed,0,0,20261007T045028Z-1dbe61,mflux-qwen-image-2.1-edit-q4,3cd79615e8a685fcce970a6941ed77d3704152d1a56ef1f595fcdbbdd29aef1f,aabe30d47eaab9355a0b8fb9f144fc389e30a919ed1b42b4b20308cefb886260,6766f9603ea0a60bf338e6bd40308d3bdce19b0566379b2f0fab8b94e228e301,ec93732bac21cbd3b8284f8c1f3d7d95b3d1890e7a68a21245a99b16c05e37d4,f5b5afb8f8a0df59f853d88fae056c2eeb002dcf8539c7d42393dd0dffad6b62,448,576,/Users/nckandrw/Dev/photo-gen/data/outputs/2026/10/07/20261007T045028Z-1dbe61.png,102.252,94.451,1.129,0.429,2.424,8.113,7.367,"{""defer_transformer_load"": true, ""release_text_encoder_after_encode"": true, ""release_vae_during_denoise"": true, ""text_encoder_released_after_encode"": true, ""vae_reloaded_lazily"": true}",74,1433.38,0.0,0,0,43.0
G2-512-R13,R13,512,primary,2510713,completed,0,0,20261007T043531Z-870300,mflux-qwen-image-2.1-edit-q4,3cd79615e8a685fcce970a6941ed77d3704152d1a56ef1f595fcdbbdd29aef1f,af8c8595fa8f426d3715e5a691f6d97f2df274329d8e54ad38858e2220727c4e,2922dff960c70946caadd5cba5d8565c3bf275ab6262351558615a01fa07a7d9,17608248df7a04a048928c30cd4268b4726c102066a9bf31145a6d316ca12837,079a0a2c185e8699feee88a698d02d7cae97cf14fa52d20972d97907e143770d,416,640,/Users/nckandrw/Dev/photo-gen/data/outputs/2026/10/07/20261007T043531Z-870300.png,111.63,103.271,1.519,0.423,2.435,8.2,7.407,"{""defer_transformer_load"": true, ""release_text_encoder_after_encode"": true, ""release_vae_during_denoise"": true, ""text_encoder_released_after_encode"": true, ""vae_reloaded_lazily"": true}",80,1399.69,0.041,0,0,47.0
G2-512-R14,R14,512,primary,2510714,completed,0,0,20261007T043744Z-c9df9d,mflux-qwen-image-2.1-edit-q4,3cd79615e8a685fcce970a6941ed77d3704152d1a56ef1f595fcdbbdd29aef1f,05740ffceeb76fd5c8a9cdc3efeca22e84421616e4d0fafeb13d9238e18bfe36,67dcda4aabe093311db117cd7abf12c284a1a21e2e76d5303dd33123f0720bbc,5223665cd1dbc277163a118841b94103efe6c306c1f9e207420965e2e147deff,7684ec000dd7d678906770e4afab774cb86030cdc456d25dcddf0d23eb93aed9,640,416,/Users/nckandrw/Dev/photo-gen/data/outputs/2026/10/07/20261007T043744Z-c9df9d.png,108.991,101.13,1.141,0.412,2.391,8.067,7.407,"{""defer_transformer_load"": true, ""release_text_encoder_after_encode"": true, ""release_vae_during_denoise"": true, ""text_encoder_released_after_encode"": true, ""vae_reloaded_lazily"": true}",78,1441.38,0.0,0,0,48.0
G2-512-R15,R15,512,primary,2510715,completed,0,0,20261007T043954Z-bce165,mflux-qwen-image-2.1-edit-q4,3cd79615e8a685fcce970a6941ed77d3704152d1a56ef1f595fcdbbdd29aef1f,a3207b7d5e1475924a0f236a2987552a0d752a401fd40f62baeedf794f7d0c9b,d3c22ffaae47572c1515a0d7f58231cc1ce88055b344c11e7d58c5561442335e,bd599e087a5f480b4d65dd6fdfd67fa80d170c9b4646e72d06808edc53d13b96,b5aeca19f8127d982695b92018946438a781a43d6a57204aa070b52c0235ef05,448,576,/Users/nckandrw/Dev/photo-gen/data/outputs/2026/10/07/20261007T043954Z-bce165.png,102.968,95.057,1.319,0.439,2.372,8.162,7.367,"{""defer_transformer_load"": true, ""release_text_encoder_after_encode"": true, ""release_vae_during_denoise"": true, ""text_encoder_released_after_encode"": true, ""vae_reloaded_lazily"": true}",74,1433.38,0.0,0,0,48.0
G2-512-R16,R16,512,primary,2510716,completed,0,0,20261007T044158Z-928d7e,mflux-qwen-image-2.1-edit-q4,3cd79615e8a685fcce970a6941ed77d3704152d1a56ef1f595fcdbbdd29aef1f,1c430c158cd22fc2ab1e87d303d3bbadf5f20681fcc6717df25ffc077066a334,2f4ad78dbd52663b9c92b26642ed30ae667e7f623418263e967a6fe8a4cbab91,7ab42f46e1a61205be410fdc50f496b6dcdc7cd84a3946b8ad9c2f002d385b2f,ecaaf81a4d6ea9852963b7cb76ae7c830ff08e275874c6e9b39cac695aa75b16,640,416,/Users/nckandrw/Dev/photo-gen/data/outputs/2026/10/07/20261007T044158Z-928d7e.png,110.04,101.974,1.157,0.417,2.415,8.366,7.407,"{""defer_transformer_load"": true, ""release_text_encoder_after_encode"": true, ""release_vae_during_denoise"": true, ""text_encoder_released_after_encode"": true, ""vae_reloaded_lazily"": true}",80,1433.38,0.0,1,0,33.0
