run_index,run_id,start,end,gap_since_prev_end_s,runtime,runtime_version,mlx,resolution,steps,guidance,seed,prompt_id,load_init_s,text_encode_s,denoise_s,vae_s,process_wall_s,wall_time_l_s,peak_footprint_gb,max_rss_gb,mlx_peak_te_gb,mlx_peak_vae_gb,active_after_te_free_gb,active_before_vae_gb,swap_delta_mb,swap_start_mb,pressure_L2_samples,pressure_L4_samples,min_free_pct,wired_max_gb,peak_compressed_gb,s_per_step_first,s_per_step_last,s_per_step_mean_reported,steps_trace,pmset_pre,pmset_post,pixel_sha256,wall_ratio_to_r1,pixel_identical_to_r1,result
1,mf-th10-r1,2026-09-24T17:33:08,2026-09-24T17:34:34,,mflux,0.20.0,0.32.2,1024x1024,9,0,42,apple,1.127,0.669,78.592,1.974,82.588,84.62,7.26,1.55,3.612,5.697,0.003,3.473,0.0,911.44,0,0,46.0,6.14,4.49,8.63,8.86,8.69,8.63 8.55 8.49 8.50 8.56 8.61 8.67 8.75 8.86,no warnings,no warnings,fe47d88dfb4bec549060c29c527eeff280d863e8e12176cdc1c28d3d8003a118,1.0,True,PASS
2,mf-th10-r2,2026-09-24T17:34:37,2026-09-24T17:36:21,3.0,mflux,0.20.0,0.32.2,1024x1024,9,0,42,apple,1.072,0.64,95.294,2.554,99.803,101.32,7.33,2.84,3.612,5.697,0.003,3.473,0.0,911.44,0,0,34.0,6.54,4.28,8.9,11.61,10.54,8.90 9.01 9.19 9.44 9.77 10.17 10.61 11.06 11.61,no warnings,no warnings,fe47d88dfb4bec549060c29c527eeff280d863e8e12176cdc1c28d3d8003a118,1.197,True,PASS
3,mf-th10-r3,2026-09-24T17:36:24,2026-09-24T17:38:27,3.0,mflux,0.20.0,0.32.2,1024x1024,9,0,42,apple,1.079,0.64,115.049,2.634,119.632,121.2,7.36,2.84,3.612,5.697,0.003,3.473,0.0,903.44,0,0,50.0,6.0,3.53,12.24,12.82,12.74,12.24 12.62 12.70 12.70 12.71 12.72 12.74 12.78 12.82,no warnings,no warnings,fe47d88dfb4bec549060c29c527eeff280d863e8e12176cdc1c28d3d8003a118,1.432,True,PASS
4,mf-th10-r4,2026-09-24T17:38:30,2026-09-24T17:40:41,3.0,mflux,0.20.0,0.32.2,1024x1024,9,0,42,apple,1.073,0.64,122.253,2.725,126.934,128.44,7.35,2.84,3.612,5.697,0.003,3.473,0.0,903.44,0,0,53.0,6.17,2.94,12.89,13.65,13.55,12.89 13.28 13.53 13.54 13.55 13.54 13.57 13.60 13.65,no warnings,no warnings,fe47d88dfb4bec549060c29c527eeff280d863e8e12176cdc1c28d3d8003a118,1.518,True,PASS
5,mf-th10-r5,2026-09-24T17:40:43,2026-09-24T17:42:58,2.0,mflux,0.20.0,0.32.2,1024x1024,9,0,42,apple,1.066,0.647,125.797,2.804,130.56,132.19,7.35,3.79,3.721,5.697,0.003,3.473,0.0,895.44,0,0,56.0,5.02,2.47,14.74,13.83,13.94,14.74 14.43 14.36 14.01 13.89 13.81 13.78 13.79 13.83,no warnings,no warnings,fe47d88dfb4bec549060c29c527eeff280d863e8e12176cdc1c28d3d8003a118,1.562,True,PASS
6,mf-th10-r6,2026-09-24T17:43:01,2026-09-24T17:45:19,3.0,mflux,0.20.0,0.32.2,1024x1024,9,0,42,apple,1.07,0.639,130.042,2.754,134.763,136.27,7.28,3.82,3.721,5.697,0.003,3.473,0.0,887.44,0,0,40.0,6.04,3.67,13.72,14.13,14.41,13.72 14.03 14.16 15.45 15.02 14.69 14.44 14.25 14.13,no warnings,no warnings,fe47d88dfb4bec549060c29c527eeff280d863e8e12176cdc1c28d3d8003a118,1.61,True,PASS
7,mf-th10-r7,2026-09-24T17:45:22,2026-09-24T17:47:35,3.0,mflux,0.20.0,0.32.2,1024x1024,9,0,42,apple,1.072,0.64,124.705,2.697,129.381,130.97,7.35,2.84,3.612,5.697,0.003,3.473,0.0,887.44,0,0,53.0,4.94,2.86,13.67,13.81,13.82,13.67 13.74 13.77 13.82 13.87 13.88 13.86 13.83 13.81,no warnings,no warnings,fe47d88dfb4bec549060c29c527eeff280d863e8e12176cdc1c28d3d8003a118,1.548,True,PASS
8,mf-th10-r8,2026-09-24T17:47:38,2026-09-24T17:49:52,3.0,mflux,0.20.0,0.32.2,1024x1024,9,0,42,apple,1.057,0.641,126.378,2.668,131.016,132.59,7.35,2.95,3.721,5.697,0.003,3.473,0.0,887.44,0,0,55.0,5.06,2.69,13.81,14.03,14.01,13.81 13.95 13.98 14.00 14.02 14.04 14.02 14.01 14.03,no warnings,no warnings,fe47d88dfb4bec549060c29c527eeff280d863e8e12176cdc1c28d3d8003a118,1.567,True,PASS
9,mf-th10-r9,2026-09-24T17:49:55,2026-09-24T17:52:12,3.0,mflux,0.20.0,0.32.2,1024x1024,9,0,42,apple,1.07,0.64,128.32,2.8,133.092,134.65,7.35,3.06,3.612,5.697,0.003,3.473,0.0,887.44,0,0,47.0,6.08,2.88,13.93,14.23,14.23,13.93 14.02 14.05 14.18 14.25 14.34 14.39 14.30 14.23,no warnings,no warnings,fe47d88dfb4bec549060c29c527eeff280d863e8e12176cdc1c28d3d8003a118,1.591,True,PASS
10,mf-th10-r10,2026-09-24T17:52:15,2026-09-24T17:54:33,3.0,mflux,0.20.0,0.32.2,1024x1024,9,0,42,apple,1.088,0.639,129.102,2.785,133.878,135.61,7.35,2.88,3.612,5.697,0.003,3.473,1.3,887.44,0,0,39.0,5.97,3.99,13.84,14.36,14.31,13.84 14.23 14.26 14.28 14.29 14.32 14.34 14.39 14.36,no warnings,no warnings,fe47d88dfb4bec549060c29c527eeff280d863e8e12176cdc1c28d3d8003a118,1.603,True,PASS
