run_id,start,runtime,runtime_version,mlx,resolution,steps,guidance,seed,prompt_id,load_init_s,text_encode_s,denoise_s,vae_s,process_wall_s,wall_time_l_s,peak_footprint_gb,max_rss_gb,mlx_peak_te_gb,mlx_peak_vae_gb,active_after_te_free_gb,active_before_vae_gb,swap_delta_mb,pressure_L2_samples,min_free_pct,wired_max_gb,s_per_step_first,s_per_step_last,pixel_sha256,result
mf-512,2026-09-24T15:58:17,mflux,0.20.0,0.32.2,512x512,9,0,42,apple,3.714,1.839,21.277,1.115,28.024,30.37,6.54,2.6,3.236,5.627,,3.472,0.0,0,39.0,7.24,4.93,2.01,9ae59f590e8c0b3ad067448cbed61f2969ec759918339626f76157f8b6529c9c,PASS
mf-512-probe,2026-09-24T15:59:09,mflux,0.20.0,0.32.2,512x512,9,0,42,apple,1.138,0.655,18.144,0.387,20.389,22.02,7.02,2.85,3.612,5.627,0.003,3.472,0.0,0,39.0,7.29,2.04,1.99,9ae59f590e8c0b3ad067448cbed61f2969ec759918339626f76157f8b6529c9c,PASS
mf-768,2026-09-24T15:59:59,mflux,0.20.0,0.32.2,768x768,9,0,42,apple,1.092,0.647,42.03,1.432,45.327,46.91,7.22,2.52,3.612,5.687,0.003,3.472,0.0,0,32.0,6.36,4.73,4.65,94a023d366cf8527aceb178ef42a676c0446ff8d93f08f32407575a6a369265a,PASS
mf-1024,2026-09-24T16:00:49,mflux,0.20.0,0.32.2,1024x1024,9,0,42,apple,1.2,0.647,97.151,2.859,102.086,103.84,7.23,2.63,3.612,5.697,0.003,3.473,0.0,0,36.0,6.14,9.38,11.91,fe47d88dfb4bec549060c29c527eeff280d863e8e12176cdc1c28d3d8003a118,PASS
mf-th3-r1,2026-09-24T16:03:44,mflux,0.20.0,0.32.2,1024x1024,9,0,42,apple,1.091,0.648,88.716,2.791,93.547,95.25,7.24,2.84,3.612,5.697,0.003,3.473,0.0,0,39.0,5.83,8.91,10.80,fe47d88dfb4bec549060c29c527eeff280d863e8e12176cdc1c28d3d8003a118,PASS
mf-th3-r2,2026-09-24T16:05:25,mflux,0.20.0,0.32.2,1024x1024,9,0,42,apple,1.142,0.648,148.377,3.232,153.68,155.56,7.23,2.84,3.612,5.697,0.003,3.473,0.0,0,36.0,6.01,16.40,16.05,fe47d88dfb4bec549060c29c527eeff280d863e8e12176cdc1c28d3d8003a118,PASS
mf-th3-r3,2026-09-24T16:08:05,mflux,0.20.0,0.32.2,1024x1024,9,0,42,apple,1.104,0.645,142.757,2.921,147.745,149.57,7.22,2.84,3.612,5.697,0.003,3.473,0.0,0,34.0,5.59,15.18,16.01,fe47d88dfb4bec549060c29c527eeff280d863e8e12176cdc1c28d3d8003a118,PASS
mf-q-desk,2026-09-24T16:23:16,mflux,0.20.0,0.32.2,1024x1024,9,0,42,desk,1.077,0.659,81.353,1.998,85.308,87.20,7.25,2.5,3.612,5.697,0.003,3.473,0.0,0,38.0,5.68,8.66,9.22,30c1bb8848f5571c31c0ccb2bc685f6fd0370e800e2682813f14d8cf1897b0a2,PASS
mf-q-neon,2026-09-24T16:24:47,mflux,0.20.0,0.32.2,1024x1024,9,0,42,neon,1.073,0.671,119.988,2.888,124.898,126.50,7.35,2.84,3.612,5.697,0.003,3.473,0.0,0,37.0,5.35,10.39,14.39,9000cfb763e425c4dac9c69c0e398d25cec1c0395e394097c342e09424873e61,PASS
