id,fidelity,fidelity_family,adherence,seam,realism,unintended,t1,t2,t3,t4,t5,notes
S01-A,-,-,PARTIAL,MINOR,MAJOR,NONE,PRESERVED,PRESERVED,-,-,-,Van body removed but its roof rack with the ladder/pipe load is left floating in mid-air; a cut-off piece of the van's shadow with a straight vertical edge remains on the pavement.
S01-B,-,-,PASS,NONE,MINOR,MAJOR,GARBLED,GARBLED,-,-,-,"Van and roof load fully and cleanly removed; t1 street sign rewritten with wrong letters (reads like 'WUVE UUNLAGER / CDIA'), not blur; t2 plate word replaced by wrong letters and the right bicycle pictogram malformed; gibberish signage is the only implausibility."
S01-C,-,-,PARTIAL,MAJOR,MAJOR,NONE,PRESERVED,PRESERVED,-,-,-,Van body removed but roof rack and load (ladder end now a pointed blade) float in mid-air; pavement where the van stood shows a hard vertical patch boundary that cuts through a leftover shadow fragment.
S02-A,PASS,,-,-,-,-,PRESERVED,PRESERVED,DEGRADED,PRESERVED,GARBLED,"t3 'Club Cut / Barber Shop' can still be made out but is very soft, the red second line only barely; t5 red fascia 'LIVE SPORTS SHOWN' blurred into an unreadable red bar (blur), while the tall sign's 'ELL' and 'You' stay readable."
S02-B,MINOR,texture-smear,-,-,-,-,GARBLED,GARBLED,GARBLED,GARBLED,GARBLED,"Faces and fine detail smeared, faint checker texture in dark areas; t1 'BIRTHPLACE of' turned into gibberish, 'BEATLES' letters deformed and the round logos lose their wording (wrong letters); t2 'Quarry' reads like 'Qlanny' (wrong letters); t3 lettering reduced to dark blobs (blur); t4 fascia 'arry' deformed into wrong letters (round 'Q' sign intact); t5 red fascia blank (blur) and the tall sign's small lettering turned into a grid pattern (blur)."
S02-C,MINOR,texture-smear,-,-,-,-,GARBLED,GARBLED,GARBLED,GARBLED,GARBLED,"Faces and fine detail smeared, faint checker texture in dark areas; t1 'BIRTHPLACE of' turned into gibberish, 'BEATLES' letters deformed and the round logos lose their wording (wrong letters); t2 'Quarry' reads like 'Qlanny' (wrong letters); t3 lettering reduced to dark blobs (blur); t4 fascia 'arry' deformed into wrong letters (round 'Q' sign intact); t5 red fascia blank (blur) and the tall sign's small lettering turned into a grid pattern (blur)."
S02-D,MINOR,texture-smear,-,-,-,-,GARBLED,GARBLED,GARBLED,GARBLED,GARBLED,"Faces and fine detail smeared, faint checker texture in dark areas; t1 'BIRTHPLACE of' turned into gibberish, 'BEATLES' letters deformed and the round logos lose their wording (wrong letters); t2 'Quarry' reads like 'Quanny' (wrong letters); t3 lettering reduced to dark blobs (blur); t4 fascia 'arry' deformed into wrong letters (round 'Q' sign intact); t5 red fascia blank (blur) and the tall sign's small lettering turned into a grid pattern (blur)."
S03-A,PASS,,-,-,-,-,GARBLED,DEGRADED,-,-,-,"t1 reads like 'NIGUWE UILENDURGER / STRAAT' and 'CENTRUM' is reduced to illegible marks (wrong letters, not just blur); t2 'uitgezonderd' still readable but its glyphs are deformed (the d's malformed); outside the elements the van's licence plate letters are also garbled."
S03-B,PASS,,-,-,-,-,PRESERVED,PRESERVED,-,-,-,"Both signs crisp and correct, licence plate also intact."
S03-C,PASS,,-,-,-,-,GARBLED,DEGRADED,-,-,-,"t1 reads like 'NIGUWE UILENDURGER / STRAAT' and 'CENTRUM' is reduced to illegible marks (wrong letters, not just blur); t2 'uitgezonderd' still readable but its glyphs are deformed (the d's malformed); outside the elements the van's licence plate letters are also garbled."
S03-D,PASS,,-,-,-,-,GARBLED,DEGRADED,-,-,-,"t1 reads like 'NIGUWE UILENDURGER / STRAAT' and 'CENTRUM' is reduced to illegible marks (wrong letters, not just blur); t2 'uitgezonderd' still readable but its glyphs are deformed (the d's malformed); outside the elements the van's licence plate letters are also garbled."
S04-A,PASS,,-,-,-,-,GARBLED,GARBLED,-,-,-,t1 sign lettering turned into blocky marks with no recognisable letters (wrong letters and blur); t2 word smeared into an unreadable dark line and the two bicycle pictograms replaced by digit-like squiggles (wrong letters and blur).
S04-B,PASS,,-,-,-,-,GARBLED,DEGRADED,-,-,-,"t1 'NIEUWE UILENBURGER / STRAAT' only barely legible through heavy softening and the small 'CENTRUM' is unreadable (blur, no invented letters); t2 'uitgezonderd' barely legible through blur, bicycle pictograms intact."
S04-C,PASS,,-,-,-,-,GARBLED,GARBLED,-,-,-,t1 sign lettering turned into blocky marks with no recognisable letters (wrong letters and blur); t2 word smeared into an unreadable dark line and the two bicycle pictograms replaced by digit-like squiggles (wrong letters and blur).
S04-D,PASS,,-,-,-,-,GARBLED,GARBLED,-,-,-,t1 sign lettering turned into blocky marks with no recognisable letters (wrong letters and blur); t2 word smeared into an unreadable dark line and the two bicycle pictograms replaced by digit-like squiggles (wrong letters and blur).
S05-A,MINOR,malformed-object,-,-,-,-,PRESERVED,DEGRADED,PRESERVED,GARBLED,GARBLED,"Both fascia cartoon mascots lose facial detail (left face becomes a pale blue blob, right eyes merge); t2 still reads 'in our new webstor / ...uilingbooks.co' but 'new' is broken toward 'now' and the 'p' looks like a 'g'; t4 'SAVE LIVES' / 'STOP THE CITY' rendered with wrong letters (like 'CAVE IIVES'); t5 sticker lettering reduced to white bars (blur)."
S05-B,MAJOR,other:recolour,-,-,-,-,DEGRADED,GARBLED,GARBLED,GARBLED,GARBLED,Both mascots recoloured from lime green to orange/red and distorted; t1 'Beguiling' fine but the small 'The' is deformed (the e closes up like a B); t2 reads like 'inaur new wehsto' (wrong letters); t3 number smeared into unreadable marks (wrong letters and blur); t4 poster lettering unreadable with wrong letter shapes (wrong letters and blur); t5 sticker lettering gone (blur).
S05-C,MINOR,malformed-object,-,-,-,-,PRESERVED,PRESERVED,DEGRADED,GARBLED,GARBLED,"Left mascot's face smeared (right mascot close to ORIGINAL); t3 first digit deformed toward an S/8 shape but the number still reads; t4 'SAVE LIVES' and 'STOP THE CITY' still read correctly but the top line 'TORONTO TINY SHELTERS' is unreadable (blur, no invented letters); t5 sticker lettering reduced to white bars (blur)."
S05-D,MINOR,malformed-object,-,-,-,-,PRESERVED,DEGRADED,PRESERVED,GARBLED,GARBLED,"Both fascia cartoon mascots lose facial detail (left face becomes a pale blue blob, right eyes merge); t2 still reads 'in our new webstor / ...uilingbooks.co' but 'new' is broken toward 'now' and the 'p' looks like a 'g'; t4 'SAVE LIVES' / 'STOP THE CITY' rendered with wrong letters (like 'CAVE IIVES'); t5 sticker lettering reduced to white bars (blur)."
S05-E,MINOR,malformed-object,-,-,-,-,PRESERVED,DEGRADED,PRESERVED,GARBLED,GARBLED,"Both fascia cartoon mascots lose facial detail (left face becomes a pale blue blob, right eyes merge); t2 still reads 'in our new webstor / ...uilingbooks.co' but 'new' is broken toward 'now' and the 'p' looks like a 'g'; t4 'SAVE LIVES' / 'STOP THE CITY' rendered with wrong letters (like 'GAHE IIVES'); t5 sticker lettering reduced to white bars (blur)."
S06-A,PASS,,-,-,-,-,DEGRADED,PRESERVED,GARBLED,PRESERVED,GARBLED,"t1 still reads 'MATHEW STREET / BIRTHPLACE of THE BEATLES' but the B of BIRTHPLACE breaks into vertical strokes and STREET's R is deformed; t3 reads like 'Chib Car' instead of 'Club Cut' (wrong letters); t5 red fascia 'LIVE SPORTS SHOWN' turned into blocky shapes with the first word wrong, like 'LBE' (wrong letters), while the tall sign's 'ELL' and 'You' stay intact."
S06-B,PASS,,-,-,-,-,DEGRADED,PRESERVED,GARBLED,PRESERVED,GARBLED,"t1 still reads 'MATHEW STREET / BIRTHPLACE of THE BEATLES' but the B of BIRTHPLACE breaks into vertical strokes and STREET's R is deformed; t3 reads like 'Chib Car' instead of 'Club Cut' (wrong letters); t5 red fascia 'LIVE SPORTS SHOWN' turned into blocky shapes with the first word wrong, like 'LBE' (wrong letters), while the tall sign's 'ELL' and 'You' stay intact."
S06-C,PASS,,-,-,-,-,PRESERVED,PRESERVED,PRESERVED,PRESERVED,PRESERVED,All lettering matches ORIGINAL apart from size softening; red fascia still reads 'LIVE SPORTS SHOWN'.
S06-D,PASS,,-,-,-,-,DEGRADED,PRESERVED,GARBLED,PRESERVED,GARBLED,"t1 still reads 'MATHEW STREET / BIRTHPLACE of THE BEATLES' but the B of BIRTHPLACE breaks into vertical strokes and STREET's R is deformed; t3 reads like 'Clab Car' instead of 'Club Cut' (wrong letters); t5 red fascia 'LIVE SPORTS SHOWN' turned into blocky shapes with the first word wrong, like 'LBE' (wrong letters), while the tall sign's 'ELL' and 'You' stay intact."
S07-A,MINOR,malformed-object,-,-,-,-,PRESERVED,PRESERVED,DEGRADED,GARBLED,GARBLED,"Book and comic covers in the right window are redrawn (panda cover, cyclops face and red cover figure changed; 'NEW MANGA' card garbled); t3 still reads 819 but the 8 is deformed toward an S; t4 has wrong letters ('TARONTO TINY SHGLTENS', 'SAVE IIVES', a broken S in 'STOP'); t5 'blogTO / BEST OF' turned into deformed letters with 'BEST OF' unreadable (wrong letters)."
S07-B,MINOR,malformed-object,-,-,-,-,PRESERVED,PRESERVED,DEGRADED,GARBLED,GARBLED,"Book and comic covers in the right window are redrawn (panda cover, cyclops face and red cover figure changed; 'NEW MANGA' card garbled); t3 still reads 819 but the 8 is deformed toward an S; t4 has wrong letters ('TARONTO TINY SHGLTENS', 'SAVE IIVES', a broken S in 'STOP'); t5 'blogTO / BEST OF' turned into deformed letters with 'BEST OF' unreadable (wrong letters)."
S07-C,PASS,,-,-,-,-,PRESERVED,PRESERVED,PRESERVED,DEGRADED,DEGRADED,t4 'TORONTO TINY SHELTERS / SAVE LIVES / STOP THE CITY' read correctly but the tiny lines below are only barely legible; t5 'blogTO' and 'BEST OF' read correctly but the tiny 'TORONTO' line is only barely legible.
S07-D,MINOR,malformed-object,-,-,-,-,PRESERVED,PRESERVED,DEGRADED,GARBLED,GARBLED,"Book and comic covers in the right window are redrawn (panda cover, cyclops face and red cover figure changed; 'NEW MANGA' card garbled); t3 still reads 819 but the 8 is deformed toward an S; t4 has wrong letters ('TARONTO TINY SHGLTENS', 'SAVE IIVES', a broken S in 'STOP'); t5 'blogTO / BEST OF' turned into deformed letters with 'BEST OF' unreadable (wrong letters)."
