id,fidelity,fidelity_family,t1,t2,t3,t4,t5,notes
V01-A,MINOR,detail-loss/blur,PRESERVED,GARBLED,PRESERVED,GARBLED,GARBLED,"t1 'The Beguiling' intact. t2 line 2 '...uilingbooks.co' readable but line 1 'new' reads as 'now' and the cut-off 'p' reads as 'a' (wrong letters). t3 '319' readable. t4 poster headline 'SAVE LIVES' malformed into wrong-looking letters; other lines blur. t5 blogTO sticker text unreadable (blur). Window contents smeared: reflected sign, price tags and comic stickers lost."
V01-B,PASS,,PRESERVED,PRESERVED,GARBLED,GARBLED,GARBLED,"t1 'The Beguiling' intact. t2 'p in our new webstor / ...uilingbooks.co' readable. t3 first digit reads as 8 ('819', wrong digit). t4 'SAVE LIVES' and 'STOP THE CITY' still legible but top line and small print unreadable (blur). t5 blogTO sticker text unreadable (blur). Rest consistent with downscale."
V02-A,PASS,,DEGRADED,PRESERVED,DEGRADED,PRESERVED,GARBLED,"t1 'MATHEW STREET / BIRTHPLACE of THE BEATLES' readable, but the round-logo lettering (right logo) is smeared and barely reads 'Beatles'. t2 'Quarry Quarter' clean. t3 'Club Cut / Barber Shop' readable but the u of 'Club' fills into a blob. t4 'arryQuarter' and 'Q' clean. t5 tall sign 'ELL'/'You' readable, red fascia 'LIVE SPORTS SHOWN' unreadable (blur). Scene otherwise matches ORIGINAL."
V02-B,PASS,,PRESERVED,PRESERVED,PRESERVED,PRESERVED,DEGRADED,t1 both lines and the logo 'Beatles' lettering read as in ORIGINAL. t2 'Quarry Quarter' clean. t3 'Club Cut / Barber Shop' readable. t4 'arryQuarter' and 'Q' clean. t5 tall sign 'ELL'/'You' readable; red fascia 'LIVE SPORTS SHOWN' still readable but faint and soft. Scene otherwise matches ORIGINAL.
V03-A,PASS,,GARBLED,GARBLED,-,-,-,t1 street sign is ~3 px lettering: letter shapes hint at 'NIEUWE UILENBURGER / STRAAT / CENTRUM' but cannot be read reliably (blur). t2 'uitgezonderd' unreadable (blur); the two bicycle pictograms stay recognisable. Scene otherwise matches ORIGINAL.
V03-B,PASS,,GARBLED,GARBLED,-,-,-,"t1 street sign lettering smeared into blotchy marks, less letter-like than A; not readable (blur). t2 'uitgezonderd' unreadable (blur), and the bicycle pictograms are deformed into scribble/digit-like shapes. Scene otherwise matches ORIGINAL."
V04-A,PASS,,GARBLED,DEGRADED,-,-,-,"t1 'STRAAT' readable, but 'UILENBURGER' reads as 'UILENDURGER' (B looks like D), 'NIEUWE' has deformed letters and 'CENTRUM' is illegible (wrong letters plus blur). t2 'uitgezonderd' still readable but 'ui' fuse into 'ul' and the e's are soft; bicycle pictograms intact. Scene otherwise matches ORIGINAL."
V04-B,PASS,,PRESERVED,PRESERVED,-,-,-,"t1 'NIEUWE UILENBURGER / STRAAT / CENTRUM' all readable as in ORIGINAL (CENTRUM slightly soft). t2 'uitgezonderd' clean, pictograms intact. Scene otherwise matches ORIGINAL."
V05-A,MINOR,detail-loss/blur,GARBLED,GARBLED,GARBLED,DEGRADED,GARBLED,"t1 'MATHEW STREET' / 'THE BEATLES' roughly readable but 'BIRTHPLACE of' and the banner-end 'ET/LES:' turn into wrong letters, logo lettering blobs. t2 'Quarry' reads like 'uanny' (wrong letters), 'Quarter' ok. t3 'Club Cut / Barber Shop' becomes gibberish (wrong letters/blur). t4 'arryQuarter' faint and fused but readable, 'Q' clean. t5 'ELL' readable, red fascia 'LIVE SPORTS SHOWN' unreadable (blur). Crowd faces and small figures are smeared (e.g. the blonde woman at the left becomes a colour blob) where B keeps them."
V05-B,PASS,,DEGRADED,PRESERVED,DEGRADED,PRESERVED,GARBLED,"t1 'MATHEW STREET / BIRTHPLACE of THE BEATLES' readable, but 'BIRTHPLACE of' and the logo lettering are very soft. t2 'Quarry Quarter' clean. t3 'Club Cut' readable, 'Barber Shop' a soft smear but recognisable. t4 'arryQuarter' and 'Q' clean. t5 'ELL' and 'You' readable, red fascia 'LIVE SPORTS SHOWN' unreadable (blur). Scene otherwise matches ORIGINAL."
V06-A,PASS,,PRESERVED,PRESERVED,PRESERVED,GARBLED,GARBLED,"t1 'The Beguiling' intact. t2 'p in our new webstor / ...uilingbooks.co' intact. t3 '319' reads correctly. t4 'TORONTO TINY SHELTERS / SAVE LIVES / STOP THE CITY' readable, but the small lines 'FROM REMOVING THEM' / 'TELL JOHN TORY' (small but readable in ORIGINAL) are lost (blur). t5 'blogTO / BEST OF' readable, bottom line 'TORONTO' lost (blur). Scene otherwise matches ORIGINAL."
V06-B,PASS,,PRESERVED,PRESERVED,GARBLED,GARBLED,GARBLED,"t1 'The Beguiling' intact. t2 banner wording intact. t3 first digit closes at top-left and reads as 8/S ('819', wrong digit). t4 'SAVE LIVES' readable, but 'STOP' is malformed, 'CITY' reads like 'OTY', 'SHELTERS' deformed, small lines blur (wrong letters). t5 'blogTO' smeared and 'BEST OF' becomes gibberish (wrong letters), 'TORONTO' lost. Scene otherwise matches ORIGINAL."
