ts,epoch,pressure_level,free_pct,swap_used_mb,compressed_gb,wired_gb,proc_rss_gb,proc_mem_gb,cpu_speed_limit
22:45:29,1790261129,1,81,1650.81,0.80,2.04,0.02,0.03,
22:45:30,1790261130,1,81,1650.81,0.80,2.04,0.25,0.19,
22:45:31,1790261131,1,77,1650.81,0.80,3.00,1.10,2.85,
22:45:32,1790261132,1,65,1650.81,0.80,4.77,1.98,3.44,
22:45:34,1790261134,1,66,1650.81,0.80,4.59,3.48,4.81,
22:45:35,1790261135,1,60,1650.81,0.85,5.61,3.68,5.05,
22:45:36,1790261136,1,65,1650.81,0.81,4.85,3.68,5.05,
22:45:38,1790261138,1,61,1650.81,0.81,5.51,3.68,5.05,
22:45:39,1790261139,1,62,1650.81,0.81,5.38,3.68,5.05,
22:45:40,1790261140,1,64,1650.81,0.81,4.93,3.68,5.05,
22:45:42,1790261142,1,60,1650.81,0.81,5.63,3.68,5.05,
22:45:43,1790261143,1,64,1650.81,0.80,4.93,3.68,5.05,
22:45:44,1790261144,1,60,1650.81,0.80,5.65,3.68,5.05,
22:45:45,1790261145,1,64,1650.81,0.80,4.98,3.68,5.05,
22:45:47,1790261147,1,60,1650.81,0.80,5.68,3.68,5.05,
22:45:48,1790261148,1,65,1650.81,0.80,4.85,3.68,4.85,
22:45:49,1790261149,1,60,1650.81,0.80,5.68,3.68,5.05,
22:45:51,1790261151,1,62,1650.81,0.80,5.43,3.68,5.05,
22:45:52,1790261152,1,64,1650.81,0.80,5.03,3.68,5.05,
22:45:53,1790261153,1,57,1650.81,0.80,6.13,3.77,2.15,
22:45:55,1790261155,1,75,1650.81,0.77,3.16,0,0,
